name,path,sourceUrl,imageUrl,provider
敖瑞鹏,assets/people/敖瑞鹏.jpg,https://baike.baidu.com/view/2266671.htm,"https://bkimg.cdn.bcebos.com/pic/54fbb2fb43166d224f4a6c9d956a1ef790529822742a?x-bce-process=image/format,f_auto",KCrush
敖子逸,assets/people/敖子逸.jpg,https://baike.baidu.com/item/%E6%95%96%E5%AD%90%E9%80%B8,"https://bkimg.cdn.bcebos.com/pic/7aec54e736d12f2eb9387d09cc9ac2628535e5ddc21b?x-bce-process=image/format,f_auto",KCrush
白敬亭,assets/people/白敬亭.jpg,https://zh.wikipedia.org/wiki/%E7%99%BD%E6%95%AC%E4%BA%AD,https://upload.wikimedia.org/wikipedia/commons/7/72/Bai_Jingting_2024.jpg,ZH Wikipedia
白宇,assets/people/白宇.jpg,https://baike.baidu.com/item/%E7%99%BD%E5%AE%87,"https://bkimg.cdn.bcebos.com/pic/fc1f4134970a304e251ff191e898b086c9177f3ef602?x-bce-process=image/resize,m_lfit,w_536,limit_1/quality,Q_70",KCrush
毕雯珺,assets/people/毕雯珺.jpg,https://zh.wikipedia.org/wiki/%E7%95%A2%E9%9B%AF%E7%8F%BA,https://upload.wikimedia.org/wikipedia/commons/d/de/%E5%BE%AE%E4%BF%AE%E4%BA%86%E4%B8%80%E5%BC%A0%E5%9B%BE%EF%BC%8C%E8%87%AA%E8%A1%8C%E6%83%B3%E8%B1%A1%E7%A4%BE%E9%95%BF%E7%A9%BF%E7%99%BD%E5%A4%A7%E8%A4%82%E7%9A%84%E6%A0%B7%E5%AD%90%E5%90%A7%EF%BC%81%28%E5%81%B6%E5%83%8F%E7%BB%83%E4%B9%A0%E7%94%9F_%E6%AF%95%E9%9B%AF%E7%8F%BA%29.jpg,ZH Wikipedia
边程,assets/people/边程.jpg,https://zh.wikipedia.org/wiki/%E8%BE%B9%E7%A8%8B,https://upload.wikimedia.org/wikipedia/commons/7/7f/Bian_Cheng.jpg,ZH Wikipedia
卜凡,assets/people/卜凡.jpg,https://baike.baidu.com/item/%E5%8D%9C%E5%87%A1,"https://bkimg.cdn.bcebos.com/pic/91529822720e0cf3d7ca8ec5381ee51fbe096b637cce?x-bce-process=image/resize,m_lfit,w_536,limit_1/quality,Q_70",KCrush
蔡徐坤,assets/people/蔡徐坤.jpg,https://zh.wikipedia.org/wiki/%E8%94%A1%E5%BE%90%E5%9D%A4,https://upload.wikimedia.org/wikipedia/commons/d/d5/Cai_Xukun_in_2018.jpg,ZH Wikipedia
曾舜晞,assets/people/曾舜晞.jpg,https://baike.baidu.com/item/%E6%9B%BE%E8%88%9C%E6%99%9E,"https://bkimg.cdn.bcebos.com/pic/ca1349540923dd54564e4a186042a4de9c82d158e225?x-bce-process=image/resize,m_lfit,w_536,limit_1/quality,Q_70",KCrush
车慧轩,assets/people/车慧轩.jpg,https://baike.baidu.com/item/%E8%BD%A6%E6%85%A7%E8%BD%A9/23299557,"https://bkimg.cdn.bcebos.com/pic/cdbf6c81800a19d8af043a333dfa828ba61e4684?x-bce-process=image/resize,m_lfit,w_536,limit_1/quality,Q_70",KCrush
车银优,assets/people/车银优.jpg,https://zh.wikipedia.org/wiki/%E8%BB%8A%E9%8A%80%E5%84%AA,https://upload.wikimedia.org/wikipedia/commons/3/3d/240301_Cha_Eun-woo.jpg,ZH Wikipedia
陈飞宇,assets/people/陈飞宇.jpg,https://baike.baidu.com/item/%E9%99%88%E9%A3%9E%E5%AE%87,"https://bkimg.cdn.bcebos.com/pic/d000baa1cd11728b47109dbc41afd4cec3fdfd0386a8?x-bce-process=image/resize,m_lfit,w_536,limit_1/quality,Q_70",KCrush
陈靖可,assets/people/陈靖可.jpg,https://baike.baidu.com/item/%E9%99%88%E9%9D%96%E5%8F%AF,"https://bkimg.cdn.bcebos.com/pic/94cad1c8a786c9177f3e69f65d6567cf3bc79e3df9fe?x-bce-process=image/format,f_auto",KCrush
陈立农,assets/people/陈立农.jpg,https://zh.wikipedia.org/wiki/%E9%99%B3%E7%AB%8B%E8%BE%B2,https://upload.wikimedia.org/wikipedia/commons/0/07/%E9%99%B3%E7%AB%8B%E8%BE%B2%E7%B0%BD%E5%94%AE%E6%9C%83.jpg,ZH Wikipedia
陈牧驰,assets/people/陈牧驰.jpg,https://zh.wikipedia.org/wiki/%E9%99%88%E7%89%A7%E9%A9%B0,https://upload.wikimedia.org/wikipedia/commons/b/b5/%E9%99%88%E7%89%A7%E9%A9%B0%E5%9C%A8%E6%84%8F%E5%A4%A7%E5%88%A9%E7%B1%B3%E5%85%B0%E8%8F%B2%E6%8B%89%E6%A0%BC%E6%85%95%E7%A7%80%E5%9C%BA2023%E5%B9%B49%E6%9C%8824%E6%97%A5.jpg,ZH Wikipedia
陈若轩,assets/people/陈若轩.jpg,https://baike.baidu.com/item/%E9%99%88%E8%8B%A5%E8%BD%A9,"https://bkimg.cdn.bcebos.com/pic/a2cc7cd98d1001e93901af786c436cec54e736d1393c?x-bce-process=image/resize,m_lfit,w_536,limit_1/quality,Q_70",KCrush
陈泗旭,assets/people/陈泗旭.jpg,https://baike.baidu.com/item/%E9%99%88%E6%B3%97%E6%97%AD/19917465,"https://bkimg.cdn.bcebos.com/pic/58ee3d6d55fbb2fb43161ab0e91c37a4462309f77640?x-bce-process=image/resize,m_lfit,w_536,limit_1/quality,Q_70",KCrush
陈伟霆,assets/people/陈伟霆.jpg,https://zh.wikipedia.org/wiki/%E9%99%B3%E5%81%89%E9%9C%86,https://upload.wikimedia.org/wikipedia/commons/c/cd/180123%E4%B8%8A%E6%B5%B7_%E7%83%AD%E8%A1%80%E8%A1%97%E8%88%9E%E5%9B%A2HD_2P._%E9%99%88%E4%BC%9F%E9%9C%86_1.jpg,ZH Wikipedia
陈玺达,assets/people/陈玺达.jpg,https://baike.baidu.com/item/%E9%99%88%E7%8E%BA%E8%BE%BE/22091847,"https://bkimg.cdn.bcebos.com/pic/b999a9014c086e061d955523a55e6cf40ad162d95d06?x-bce-process=image/resize,m_lfit,w_536,limit_1/quality,Q_70",KCrush
陈星旭,assets/people/陈星旭.jpg,https://zh.wikipedia.org/wiki/%E9%99%88%E6%98%9F%E6%97%AD,https://upload.wikimedia.org/wikipedia/commons/9/91/%E5%A5%BD%E5%96%9C%E6%AC%A2%E4%BD%A0%E9%B8%AD%EF%BC%81%28%E9%99%88%E6%98%9F%E6%97%AD%29.jpg,ZH Wikipedia
陈宥维,assets/people/陈宥维.jpg,https://baike.baidu.com/item/%E9%99%88%E5%AE%A5%E7%BB%B4,"https://bkimg.cdn.bcebos.com/pic/0823dd54564e9258d1093bcc9fc9c658ccbf6c81e0f4?x-bce-process=image/resize,m_lfit,w_536,limit_1/quality,Q_70",KCrush
陈哲远,assets/people/陈哲远.jpg,https://mydramalist.com/photos/RB2dPE_3,https://mydramalist.com/photos/RB2dPE_3,MyDramaList
代昊林,assets/people/代昊林.jpg,https://baike.baidu.com/item/%E4%BB%A3%E6%98%8A%E6%9E%97/19900621,"https://bkimg.cdn.bcebos.com/pic/c2fdfc039245d688dabc3f18acc27d1ed31b24cb?x-bce-process=image/resize,m_lfit,w_536,limit_1/quality,Q_70",KCrush
戴景耀,assets/people/戴景耀.jpg,https://baike.baidu.com/item/%E6%88%B4%E6%99%AF%E8%80%80,"https://bkimg.cdn.bcebos.com/pic/6d81800a19d8bc3e84295f048e8ba61ea9d345de?x-bce-process=image/format,f_auto",KCrush
邓超元,assets/people/邓超元.jpg,https://baike.baidu.com/item/%E9%82%93%E8%B6%85%E5%85%83,"https://bkimg.cdn.bcebos.com/pic/e4dde71190ef76c60bc91f259316fdfaaf5167a1?x-bce-process=image/format,f_auto",KCrush
邓伦,assets/people/邓伦.jpg,https://zh.wikipedia.org/wiki/%E9%82%93%E4%BC%A6,https://upload.wikimedia.org/wikipedia/commons/d/d5/%E9%82%93%E4%BC%A6.jpg,ZH Wikipedia
邓为,assets/people/邓为.jpg,https://baike.baidu.com/item/%E9%82%93%E4%B8%BA/55309648,"https://bkimg.cdn.bcebos.com/pic/838ba61ea8d3fd1f41348dcfb014321f95cad0c8f1b6?x-bce-process=image/format,f_auto",KCrush
翟潇闻,assets/people/翟潇闻.jpg,https://baike.baidu.com/item/%E7%BF%9F%E6%BD%87%E9%97%BB,"https://bkimg.cdn.bcebos.com/pic/023b5bb5c9ea15ce36d30d0dd1582df33a87e9501424?x-bce-process=image/format,f_auto",KCrush
翟子路,assets/people/翟子路.jpg,https://baike.baidu.com/item/%E7%BF%9F%E5%AD%90%E8%B7%AF,"https://bkimg.cdn.bcebos.com/pic/a5c27d1ed21b0ef41bd5fe49b59c46da81cb39db90d6?x-bce-process=image/format,f_auto",KCrush
丁程鑫,assets/people/丁程鑫.jpg,https://zh.wikipedia.org/wiki/%E4%B8%81%E7%A8%8B%E9%91%AB,https://upload.wikimedia.org/wikipedia/commons/4/41/2017_%E7%B2%89%E4%B8%9D%E5%98%89%E5%B9%B4%E5%8D%8E_%E4%B8%81%E7%A8%8B%E9%91%AB_%E9%AB%98%E6%B8%85.jpg,ZH Wikipedia
丁禹兮,assets/people/丁禹兮.png,https://zh.wikipedia.org/wiki/%E4%B8%81%E7%A6%B9%E5%85%AE,https://upload.wikimedia.org/wikipedia/commons/4/4a/Ding_Yuxi_20250926.png,ZH Wikipedia
丁泽仁,assets/people/丁泽仁.jpg,https://baike.baidu.com/item/%E4%B8%81%E6%B3%BD%E4%BB%81/22380145,https://bkimg.cdn.bcebos.com/pic/e1fe9925bc315c60ec30e8d580b1cb1349547767,KCrush
董思成,assets/people/董思成.png,https://zh.wikipedia.org/wiki/%E6%98%80%E6%98%80,https://upload.wikimedia.org/wikipedia/commons/1/14/Winwin_2018_DREAM_CONCERT.png,ZH Wikipedia
董岩磊,assets/people/董岩磊.jpg,https://baike.baidu.com/item/%E8%91%A3%E5%B2%A9%E7%A3%8A/22351844,"https://bkimg.cdn.bcebos.com/pic/9922720e0cf3d7ca7bcb47552956a9096b63f62403f4?x-bce-process=image/resize,m_lfit,w_536,limit_1/quality,Q_70",KCrush
段星星,assets/people/段星星.jpg,https://baike.baidu.com/item/%E6%AE%B5%E6%98%9F%E6%98%9F/55899138,"https://bkimg.cdn.bcebos.com/pic/f9198618367adab44aedee9abe8da41c8701a08b4eea?x-bce-process=image/format,f_auto",KCrush
范丞丞,assets/people/范丞丞.jpg,https://zh.wikipedia.org/wiki/%E8%8C%83%E4%B8%9E%E4%B8%9E,https://upload.wikimedia.org/wikipedia/commons/6/65/180425_OLAY%E5%8F%91%E5%B8%83%E4%BC%9A_%E9%AB%98%E6%B8%85_%E8%8C%83%E4%B8%9E%E4%B8%9E.jpg,ZH Wikipedia
樊治欣,assets/people/樊治欣.jpg,https://baike.baidu.com/item/%E6%A8%8A%E6%B2%BB%E6%AC%A3,"https://bkimg.cdn.bcebos.com/pic/023b5bb5c9ea15ce36d37d9e21582df33a87e85014a9?x-bce-process=image/format,f_auto",KCrush
费启鸣,assets/people/费启鸣.jpg,https://baike.baidu.com/item/%E8%B4%B9%E5%90%AF%E9%B8%A3,"https://bkimg.cdn.bcebos.com/pic/a044ad345982b2b7d0a2d986b0f5dcef76094b362d62?x-bce-process=image/format,f_auto",KCrush
冯俊杰,assets/people/冯俊杰.jpg,https://baike.baidu.com/item/%E4%BF%8A%E6%9D%B0/19448407,"https://bkimg.cdn.bcebos.com/pic/ae51f3deb48f8c5494ee28c9987f3af5e0fe9825d184?x-bce-process=image/resize,m_lfit,w_536,limit_1/quality,Q_70",KCrush
甘望星,assets/people/甘望星.jpg,https://baike.baidu.com/item/%E7%94%98%E6%9C%9B%E6%98%9F,"https://bkimg.cdn.bcebos.com/pic/21a4462309f790529822da2f70a4c0ca7bcb0a467fd0?x-bce-process=image/resize,m_lfit,w_536,limit_1/quality,Q_70",KCrush
高茂桐,assets/people/高茂桐.jpg,https://baike.baidu.com/item/%E9%AB%98%E8%8C%82%E6%A1%90,"https://bkimg.cdn.bcebos.com/pic/09fa513d269759ee0098b2abbdfb43166c22df82?x-bce-process=image/format,f_auto",KCrush
高卿尘,assets/people/高卿尘.jpg,https://baike.baidu.com/item/%E9%AB%98%E5%8D%BF%E5%B0%98,"https://bkimg.cdn.bcebos.com/pic/55e736d12f2eb9389b50e1e7693b9235e5dde711c1d6?x-bce-process=image/resize,m_lfit,w_536,limit_1/quality,Q_70",KCrush
隔壁老樊,assets/people/隔壁老樊.jpg,https://baike.baidu.com/item/%E9%9A%94%E5%A3%81%E8%80%81%E6%A8%8A,"https://bkimg.cdn.bcebos.com/pic/78310a55b319ebc4b745810da36dd8fc1e178a82b846?x-bce-process=image/format,f_auto",KCrush
龚俊,assets/people/龚俊.jpg,https://zh.wikipedia.org/wiki/%E9%BE%94%E4%BF%8A,https://upload.wikimedia.org/wikipedia/commons/0/09/GJ_Cannes2.jpg,ZH Wikipedia
谷蓝帝,assets/people/谷蓝帝.jpg,https://baike.baidu.com/item/%E8%B0%B7%E8%93%9D%E5%B8%9D,"https://bkimg.cdn.bcebos.com/pic/b7003af33a87e950352a5069bf6d4443fbf2b2111e22?x-bce-process=image/format,f_auto",KCrush
官鸿,assets/people/官鸿.jpg,https://baike.baidu.com/item/%E5%AE%98%E9%B8%BF/20125790,"https://bkimg.cdn.bcebos.com/pic/6d81800a19d8bc3eb13517d3f2dfb11ea8d3fd1fefd4?x-bce-process=image/format,f_auto",KCrush
郭俊辰,assets/people/郭俊辰.jpg,https://baike.baidu.com/item/%E9%83%AD%E4%BF%8A%E8%BE%B0,"https://bkimg.cdn.bcebos.com/pic/a044ad345982b2b7d0a2d1e748f5dcef76094b362dc5?x-bce-process=image/resize,m_lfit,w_536,limit_1/quality,Q_70",KCrush
郭麒麟,assets/people/郭麒麟.jpg,https://zh.wikipedia.org/wiki/%E9%83%AD%E9%BA%92%E9%BA%9F,https://upload.wikimedia.org/wikipedia/commons/f/f3/Guoqilin-niutianci_%28cropped%29.jpg,ZH Wikipedia
郭子凡,assets/people/郭子凡.jpg,https://baike.baidu.com/view/2377366.htm,"https://bkimg.cdn.bcebos.com/pic/574e9258d109b3ded5289e20c2bf6c81810a4ce6?x-bce-process=image/format,f_auto",KCrush
韩东君,assets/people/韩东君.jpg,https://baike.baidu.com/item/%E9%9F%A9%E4%B8%9C%E5%90%9B,"https://bkimg.cdn.bcebos.com/pic/95eef01f3a292df5e0fe45761e694b6034a85edfd505?x-bce-process=image/resize,m_lfit,w_536,limit_1/quality,Q_70",KCrush
何昶希,assets/people/何昶希.jpg,https://baike.baidu.com/item/%E4%BD%95%E6%98%B6%E5%B8%8C,"https://bkimg.cdn.bcebos.com/pic/64380cd7912397dda144367beec8a5b7d0a20cf42933?x-bce-process=image/format,f_auto",KCrush
贺峻霖,assets/people/贺峻霖.jpg,https://baike.baidu.com/item/%E8%B4%BA%E5%B3%BB%E9%9C%96,"https://bkimg.cdn.bcebos.com/pic/4610b912c8fcc3cec3fde8200f13c188d43f87948ad0?x-bce-process=image/resize,m_lfit,w_536,limit_1/quality,Q_70",KCrush
何洛洛,assets/people/何洛洛.jpg,https://baike.baidu.com/item/%E4%BD%95%E6%B4%9B%E6%B4%9B,"https://bkimg.cdn.bcebos.com/pic/b03533fa828ba61ea8d3a3187b6d800a304e251ff3c9?x-bce-process=image/resize,m_lfit,w_536,limit_1/quality,Q_70",KCrush
何与,assets/people/何与.jpg,https://baike.baidu.com/item/%E4%BD%95%E4%B8%8E/24160647,"https://bkimg.cdn.bcebos.com/pic/962bd40735fae6cd7b89f22d51e8182442a7d933a17e?x-bce-process=image/format,f_auto",KCrush
侯明昊,assets/people/侯明昊.jpg,https://baike.baidu.com/item/%E4%BE%AF%E6%98%8E%E6%98%8A,"https://bkimg.cdn.bcebos.com/pic/3812b31bb051f8198618bb42bfed5ded2e738bd4493b?x-bce-process=image/resize,m_lfit,w_536,limit_1/quality,Q_70",KCrush
胡春杨,assets/people/胡春杨.jpg,https://baike.baidu.com/item/%E8%83%A1%E6%98%A5%E6%9D%A8,"https://bkimg.cdn.bcebos.com/pic/7dd98d1001e93901213f98b438b743e736d12e2e38bc?x-bce-process=image/resize,m_lfit,w_536,limit_1/quality,Q_70",KCrush
胡文煊,assets/people/胡文煊.jpg,https://zh.wikipedia.org/wiki/%E8%83%A1%E6%96%87%E7%85%8A,https://upload.wikimedia.org/wikipedia/commons/1/13/20200110%E6%B5%B7%E5%8D%97%E5%8D%AB%E8%A7%86%E6%98%A5%E6%99%9A%E5%BD%95%E5%88%B6_%E8%83%A1%E6%96%87%E7%85%8A.jpg,ZH Wikipedia
胡先煦,assets/people/胡先煦.jpg,https://baike.baidu.com/item/%E8%83%A1%E5%85%88%E7%85%A6,"https://bkimg.cdn.bcebos.com/pic/bf096b63f6246b600c336171a2a00d4c510fd9f90427?x-bce-process=image/resize,m_lfit,w_536,limit_1/quality,Q_70",KCrush
胡一天,assets/people/胡一天.jpg,https://baike.baidu.com/item/%E8%83%A1%E4%B8%80%E5%A4%A9,"https://bkimg.cdn.bcebos.com/pic/b7003af33a87e950352af8ac17734443fbf2b3111e92?x-bce-process=image/resize,m_lfit,w_536,limit_1/quality,Q_70",KCrush
华晨宇,assets/people/华晨宇.jpg,https://zh.wikipedia.org/wiki/%E5%8D%8E%E6%99%A8%E5%AE%87,https://upload.wikimedia.org/wikipedia/commons/a/af/%E5%8D%8E%E6%99%A8%E5%AE%87%E8%8B%8F%E5%B7%9E%E6%98%9F%E6%82%A6%E8%8D%9F_%E6%97%A0%E6%B0%B4%E5%8D%B0%E9%AB%98%E6%B8%85%E7%B2%BE%E4%BF%AE%E7%AC%AC%E4%B8%80%E6%B3%A2_4_%28cropped%29.jpg,ZH Wikipedia
黄俊捷,assets/people/黄俊捷.jpg,https://baike.baidu.com/item/%E9%BB%84%E4%BF%8A%E6%8D%B7,"https://bkimg.cdn.bcebos.com/pic/91ef76c6a7efce1b9d16afdc8d1be4deb48f8c54cfd9?x-bce-process=image/resize,m_lfit,w_536,limit_1/quality,Q_70",KCrush
黄明昊,assets/people/黄明昊.jpg,https://zh.wikipedia.org/wiki/%E9%BB%83%E6%98%8E%E6%98%8A,https://upload.wikimedia.org/wikipedia/commons/7/70/Justin_Huang%2C_YueHua_NEXT_JAYJUN_Event%2C_2018_%28cropped%29.jpg,ZH Wikipedia
黄仁俊,assets/people/黄仁俊.jpg,https://baike.baidu.com/item/%E9%BB%84%E4%BB%81%E4%BF%8A,"https://bkimg.cdn.bcebos.com/pic/e7cd7b899e510fb30f24a18b3365df95d143ad4ba62a?x-bce-process=image/resize,m_lfit,w_536,limit_1/quality,Q_70",KCrush
黄旭熙,assets/people/黄旭熙.png,https://zh.wikipedia.org/wiki/%E9%BB%84%E6%97%AD%E7%86%99,https://upload.wikimedia.org/wikipedia/commons/1/15/Lucas_Wong_at_Incheon_International_Airport%2C_South_Korea%2C_May_2019_02.png,ZH Wikipedia
黄子韬,assets/people/黄子韬.jpg,https://zh.wikipedia.org/wiki/%E9%BB%83%E5%AD%90%E9%9F%9C,https://upload.wikimedia.org/wikipedia/commons/f/fc/Huang_Zitao_at_Ports_1961_Shanghai.jpg,ZH Wikipedia
霍建华,assets/people/霍建华.png,https://zh.wikipedia.org/wiki/%E9%9C%8D%E5%BB%BA%E8%8F%AF,https://upload.wikimedia.org/wikipedia/commons/e/ed/Wallace_Huo_image_taken_in_November_2016.png,ZH Wikipedia
嘉羿,assets/people/嘉羿.jpg,https://baike.baidu.com/item/%E5%98%89%E7%BE%BF,"https://bkimg.cdn.bcebos.com/pic/960a304e251f95cad1c85b9d6a41683e6709c93df4db?x-bce-process=image/resize,m_lfit,w_536,limit_1/quality,Q_70",KCrush
金南俊,assets/people/金南俊.jpg,https://zh.wikipedia.org/wiki/RM_(%E9%98%B2%E5%BC%B9%E5%B0%91%E5%B9%B4%E5%9B%A2),https://upload.wikimedia.org/wikipedia/commons/5/56/RM_at_W_Korea_Love_Your_W%2C_November_2023.jpg,ZH Wikipedia
金硕珍,assets/people/金硕珍.png,https://zh.wikipedia.org/wiki/Jin_(%E9%98%B2%E5%BC%B9%E5%B0%91%E5%B9%B4%E5%9B%A2),https://upload.wikimedia.org/wikipedia/commons/4/4b/BTS_Jin_at_Maison_Fred%2C_13_March_2025_04.png,ZH Wikipedia
金泰亨,assets/people/金泰亨.jpg,https://baike.baidu.com/item/%E9%87%91%E6%B3%B0%E4%BA%A8,"https://bkimg.cdn.bcebos.com/pic/0823dd54564e9258b92c834a9082d158ccbf4e7d?x-bce-process=image/resize,m_lfit,w_536,limit_1/quality,Q_70",KCrush
井柏然,assets/people/井柏然.jpg,https://zh.wikipedia.org/wiki/%E4%BA%95%E6%9F%8F%E7%84%B6,https://upload.wikimedia.org/wikipedia/commons/d/d5/20200111%E5%BE%AE%E5%8D%9A%E4%B9%8B%E5%A4%9C_%E4%BA%95%E6%9F%8F%E7%84%B6.jpg,ZH Wikipedia
靖佩瑶,assets/people/靖佩瑶.jpg,https://baike.baidu.com/item/%E9%9D%96%E4%BD%A9%E7%91%B6,"https://bkimg.cdn.bcebos.com/pic/e7cd7b899e510fb3883912c0d633c895d1430c40?x-bce-process=image/format,f_auto",KCrush
赖冠霖,assets/people/赖冠霖.jpg,https://www.kcrush.com/wp-content/uploads/2018/09/9aa482e9b55e86a07e571e4cba3e6340d0b55495_hq-300x300.jpg,"https://bkimg.cdn.bcebos.com/pic/8644ebf81a4c510fd9f9197b060f322dd42a28340f01?x-bce-process=image/format,f_auto",KCrush
李宏毅,assets/people/李宏毅.jpg,https://baike.baidu.com/item/%E6%9D%8E%E5%AE%8F%E6%AF%85,"https://bkimg.cdn.bcebos.com/pic/a1ec08fa513d269759eeb00ad9a3a5fb43166d227269?x-bce-process=image/resize,m_lfit,w_536,limit_1/quality,Q_70",KCrush
李马克,assets/people/李马克.jpg,https://baike.baidu.com/item/%E6%9D%8E%E9%A9%AC%E5%85%8B/19898563,"https://bkimg.cdn.bcebos.com/pic/00e93901213fb80e7becc1c2e689382eb9389b503ed7?x-bce-process=image/format,f_auto",KCrush
李明德,assets/people/李明德.jpg,https://baike.baidu.com/subview/393372/10347499.htm,"https://bkimg.cdn.bcebos.com/pic/d000baa1cd11728bcd708256c9fcc3cec3fd2c60?x-bce-process=image/format,f_auto",KCrush
李权哲,assets/people/李权哲.jpg,https://zh.wikipedia.org/wiki/%E6%9D%8E%E6%AC%8A%E5%93%B2_(%E4%B8%AD%E5%9C%8B%E5%A4%A7%E9%99%B8%E6%AD%8C%E6%89%8B),https://upload.wikimedia.org/wikipedia/commons/c/cb/Li_Quanzhe_20240609.jpg,ZH Wikipedia
李泰容,assets/people/李泰容.jpg,https://baike.baidu.com/item/%E6%9D%8E%E6%B3%B0%E5%AE%B9,"https://bkimg.cdn.bcebos.com/pic/314e251f95cad1c8a78637ecdd767009c93d71cffbed?x-bce-process=image/resize,m_lfit,w_536,limit_1/quality,Q_70",KCrush
李天泽,assets/people/李天泽.jpg,https://baike.baidu.com/item/%E6%9D%8E%E5%A4%A9%E6%B3%BD/7976480,"https://bkimg.cdn.bcebos.com/pic/203fb80e7bec54e736d1bd8a6c708c504fc2d5623c44?x-bce-process=image/resize,m_lfit,w_536,limit_1/quality,Q_70",KCrush
李汶翰,assets/people/李汶翰.png,https://zh.wikipedia.org/wiki/%E6%9D%8E%E6%B1%B6%E7%BF%B0,https://upload.wikimedia.org/wikipedia/commons/f/f9/Li_Wenhan_-_2015_Shanghai_fan_sign_event.png,ZH Wikipedia
李现,assets/people/李现.jpg,https://zh.wikipedia.org/wiki/%E6%9D%8E%E7%8E%B0,https://upload.wikimedia.org/wikipedia/commons/f/f4/Li_Xian_%28cropped%29.jpg,ZH Wikipedia
李鑫一,assets/people/李鑫一.jpg,https://baike.baidu.com/item/%E6%9D%8E%E9%91%AB%E4%B8%80/23428840,"https://bkimg.cdn.bcebos.com/pic/8c1001e93901213fb80e55b662b021d12f2eb9383f18?x-bce-process=image/format,f_auto",KCrush
李易峰,assets/people/李易峰.jpg,https://zh.wikipedia.org/wiki/%E6%9D%8E%E6%98%93%E5%B3%B0,https://upload.wikimedia.org/wikipedia/commons/d/da/%E3%80%902017.6.10%E5%BA%B7%E5%B8%88%E5%82%85%E7%BB%BF%E8%8C%B6%E6%B4%BB%E5%8A%A8%E3%80%91_%28%E6%9D%8E%E6%98%93%E5%B3%B0%29_%283%29.jpg,ZH Wikipedia
李逸男,assets/people/李逸男.jpg,https://baike.baidu.com/item/%E6%9D%8E%E9%80%B8%E7%94%B7,"https://bkimg.cdn.bcebos.com/pic/1f178a82b9014a90f603609d713d2e12b31bb05140f2?x-bce-process=image/format,f_auto",KCrush
李永钦,assets/people/李永钦.png,https://zh.wikipedia.org/wiki/Ten_(%E6%AD%8C%E6%89%8B),https://upload.wikimedia.org/wikipedia/commons/1/16/Ten_Lee_%EB%B3%B4%EB%8A%94_%EB%9D%BC%EB%94%94%EC%98%A4_201124_04.png,ZH Wikipedia
李昀锐,assets/people/李昀锐.jpg,https://baike.baidu.com/item/%E6%9D%8E%E6%98%80%E9%94%90,"https://bkimg.cdn.bcebos.com/pic/574e9258d109b3de9c82248754ec7b81800a18d8e69a?x-bce-process=image/format,f_auto",KCrush
李在玟,assets/people/李在玟.jpg,https://en.wikipedia.org/wiki/Jeno_(singer),https://upload.wikimedia.org/wikipedia/commons/f/fc/LeeJeno-NCTDream-DREAM%28%29SCAPE_Press_Conference_25Mar2024.jpg,EN Wikipedia
李振宁,assets/people/李振宁.jpg,https://baike.baidu.com/item/%E6%9D%8E%E6%8C%AF%E5%AE%81,"https://bkimg.cdn.bcebos.com/pic/0d338744ebf81a4c4af2e8d8d72a6059242da6da?x-bce-process=image/resize,m_lfit,w_536,limit_1/quality,Q_70",KCrush
连淮伟,assets/people/连淮伟.jpg,https://baike.baidu.com/item/%E8%BF%9E%E6%B7%AE%E4%BC%9F,"https://bkimg.cdn.bcebos.com/pic/1b4c510fd9f9d72a6059215ce6723f34349b033b0d60?x-bce-process=image/format,f_auto",KCrush
梁靖康,assets/people/梁靖康.jpg,https://baike.baidu.com/item/%E6%A2%81%E9%9D%96%E5%BA%B7,"https://bkimg.cdn.bcebos.com/pic/8b13632762d0f703918fb0530cb7463d269758ee6fa5?x-bce-process=image/resize,m_lfit,w_536,limit_1/quality,Q_70",KCrush
林墨,assets/people/林墨.jpg,https://baike.baidu.com/item/%E6%9E%97%E5%A2%A8,"https://bkimg.cdn.bcebos.com/pic/314e251f95cad1c8a786e52c0b677009c93d70cffb3d?x-bce-process=image/resize,m_lfit,w_536,limit_1/quality,Q_70",KCrush
林彦俊,assets/people/林彦俊.jpg,https://baike.baidu.com/item/%E6%9E%97%E5%BD%A6%E4%BF%8A,"https://bkimg.cdn.bcebos.com/pic/503d269759ee3d6d55fb1250384e7a224f4a21a470ad?x-bce-process=image/resize,m_lfit,w_536,limit_1/quality,Q_70",KCrush
林一,assets/people/林一.jpg,https://baike.baidu.com/item/%E6%9E%97%E4%B8%80/20830605,"https://bkimg.cdn.bcebos.com/pic/9c16fdfaaf51f3deb48f390857b8e71f3a292df5d31a?x-bce-process=image/format,f_auto",KCrush
灵超,assets/people/灵超.jpg,https://baike.baidu.com/item/%E7%81%B5%E8%B6%85,"https://bkimg.cdn.bcebos.com/pic/9213b07eca8065380cd7e59e4c87b644ad34588224b1?x-bce-process=image/format,f_auto",KCrush
刘冠佑,assets/people/刘冠佑.jpg,https://baike.baidu.com/item/%E5%88%98%E5%86%A0%E4%BD%91,"https://bkimg.cdn.bcebos.com/pic/f31fbe096b63f6246b60f5d4b21dfcf81a4c500f05e8?x-bce-process=image/resize,m_lfit,w_536,limit_1/quality,Q_70",KCrush
刘昊然,assets/people/刘昊然.jpg,https://zh.wikipedia.org/wiki/%E5%88%98%E6%98%8A%E7%84%B6,https://upload.wikimedia.org/wikipedia/commons/2/2c/Liu_Haoran_from_%22My_Friend_An_Delie%22_at_Red_Carpet_of_the_Tokyo_International_Film_Festival_2024_%2854577968394%29.jpg,ZH Wikipedia
刘学义,assets/people/刘学义.jpg,https://baike.baidu.com/item/%E5%88%98%E5%AD%A6%E4%B9%89,"https://bkimg.cdn.bcebos.com/pic/267f9e2f070828381f30575bfacfbe014c086e065b7f?x-bce-process=image/resize,m_lfit,w_536,limit_1/quality,Q_70",KCrush
刘耀文,assets/people/刘耀文.jpg,https://baike.baidu.com/item/%E5%88%98%E8%80%80%E6%96%87,"https://bkimg.cdn.bcebos.com/pic/42166d224f4a20a44623e5d1a5098f22720e0cf37a2b?x-bce-process=image/resize,m_lfit,w_536,limit_1/quality,Q_70",KCrush
刘也,assets/people/刘也.jpg,https://baike.baidu.com/item/%E5%88%98%E4%B9%9F,"https://bkimg.cdn.bcebos.com/pic/279759ee3d6d55fb061d30dc63224f4a21a4dd75?x-bce-process=image/resize,m_lfit,w_536,limit_1/quality,Q_70",KCrush
刘宇,assets/people/刘宇.jpg,https://www.pinterest.com/pin/252342385364749952/,https://i.pinimg.com/736x/60/90/0a/60900a4bb87bc8e2693c55cce04ae763.jpg,KCrush
刘宇宁,assets/people/刘宇宁.jpg,https://zh.wikipedia.org/wiki/%E5%88%98%E5%AE%87%E5%AE%81,https://upload.wikimedia.org/wikipedia/commons/9/9e/Liu_Yuning_%E5%88%98%E5%AE%87%E5%AE%81_COSMO_%E5%BA%86%E5%85%B8%E6%B4%BB%E5%8A%A8_1.jpg,ZH Wikipedia
刘彰,assets/people/刘彰.jpg,https://baike.baidu.com/item/%E5%88%98%E5%BD%B0,"https://bkimg.cdn.bcebos.com/pic/54fbb2fb43166d224f4ab015c96f1ef7905298227457?x-bce-process=image/format,f_auto",KCrush
娄滋博,assets/people/娄滋博.jpg,https://baike.baidu.com/item/%E5%A8%84%E6%BB%8B%E5%8D%9A/22452209,"https://bkimg.cdn.bcebos.com/pic/9345d688d43f8794a4c226978e4319f41bd5ad6e8c48?x-bce-process=image/resize,m_lfit,w_536,limit_1/quality,Q_70",KCrush
陆定昊,assets/people/陆定昊.jpg,https://zh.wikipedia.org/wiki/%E9%99%B8%E5%AE%9A%E6%98%8A,https://upload.wikimedia.org/wikipedia/commons/d/db/20180321_PEK-SHA%E8%A1%A5%E5%8F%91%E4%B8%80%E4%B8%8B%E6%AC%A2%E8%BF%8E%E5%9B%9E%E5%AE%B6%E5%B0%8F%E8%8A%99_%E9%99%86%E5%AE%9A%E6%98%8A_%2812%29.jpg,ZH Wikipedia
鹿晗,assets/people/鹿晗.jpg,https://zh.wikipedia.org/wiki/%E9%B9%BF%E6%99%97,https://upload.wikimedia.org/wikipedia/commons/a/a8/%E9%B9%BF%E6%99%97%E5%90%88%E8%82%A5%E8%B7%AF%E6%BC%94_%281%29.jpg,ZH Wikipedia
罗一舟,assets/people/罗一舟.jpg,https://baike.baidu.com/item/%E7%BD%97%E4%B8%80%E8%88%9F,"https://bkimg.cdn.bcebos.com/pic/d6ca7bcb0a46f21fbe09491cff7c7c600c338744007e?x-bce-process=image/resize,m_lfit,w_536,limit_1/quality,Q_70",KCrush
罗云熙,assets/people/罗云熙.jpg,https://zh.wikipedia.org/wiki/%E7%BD%97%E4%BA%91%E7%86%99,https://upload.wikimedia.org/wikipedia/commons/b/bd/Luo_Yunxi_in_2023_%28cropped%29.jpg,ZH Wikipedia
罗正,assets/people/罗正.jpg,https://baike.baidu.com/subview/1000225/21470816.htm,"https://bkimg.cdn.bcebos.com/pic/6f061d950a7b02087bf4a6843f81e5d3572c11df6207?x-bce-process=image/format,f_auto",KCrush
马嘉祺,assets/people/马嘉祺.jpg,https://baike.baidu.com/item/%E9%A9%AC%E5%98%89%E7%A5%BA,"https://bkimg.cdn.bcebos.com/pic/8ad4b31c8701a18b87d68e4acc77100828381f305027?x-bce-process=image/resize,m_lfit,w_536,limit_1/quality,Q_70",KCrush
马思超,assets/people/马思超.jpg,https://baike.baidu.com/item/%E9%A9%AC%E6%80%9D%E8%B6%85,"https://bkimg.cdn.bcebos.com/pic/279759ee3d6d55fbb2fbb30d4174584a20a4462377db?x-bce-process=image/format,f_auto",KCrush
蒙恩,assets/people/蒙恩.jpg,https://baike.baidu.com/item/%E8%92%99%E6%81%A9/19436972,"https://bkimg.cdn.bcebos.com/pic/0df3d7ca7bcb0a46f21f2cd6f337e1246b600d33019d?x-bce-process=image/resize,m_lfit,w_536,limit_1/quality,Q_70",KCrush
孟子坤,assets/people/孟子坤.jpg,https://baike.baidu.com/item/%E5%AD%9F%E5%AD%90%E5%9D%A4,"https://bkimg.cdn.bcebos.com/pic/fcfaaf51f3deb48f8c540b012a452d292df5e1fed2e3?x-bce-process=image/format,f_auto",KCrush
闵玧其,assets/people/闵玧其.png,https://zh.wikipedia.org/wiki/SUGA,https://upload.wikimedia.org/wikipedia/commons/d/d6/Suga_for_Marie_Claire_Korea%2C_May_2023_issue_07.png,ZH Wikipedia
牛东文,assets/people/牛东文.jpg,https://baike.baidu.com/view/186095.htm,"https://bkimg.cdn.bcebos.com/pic/5ab5c9ea15ce36d3d5393bf989a42d87e950342a1bf8?x-bce-process=image/format,f_auto",KCrush
彭昱畅,assets/people/彭昱畅.jpg,https://zh.wikipedia.org/wiki/%E5%BD%AD%E6%98%B1%E6%9A%A2,https://upload.wikimedia.org/wikipedia/commons/f/ff/%E5%BD%AD%E6%98%B1%E6%9A%A2%E5%8F%AF%E6%84%9B%E4%BA%AE%E7%9B%B8%E7%AC%AC55%E5%B1%86%E9%87%91%E9%A6%AC%E7%8D%8E%E6%98%9F%E5%85%89%E5%A4%A7%E9%81%93.jpg,ZH Wikipedia
朴灿烈,assets/people/朴灿烈.jpg,https://zh.wikipedia.org/wiki/%E7%87%A6%E7%83%88,https://upload.wikimedia.org/wikipedia/commons/e/e2/Chanyeol_during_the_Exo_Planet_5_%E2%80%93_Exploration_concert_on_December_2019_%282%29.jpg,ZH Wikipedia
蒲熠星,assets/people/蒲熠星.jpg,https://baike.baidu.com/view/12243192.htm,"https://bkimg.cdn.bcebos.com/pic/a5c27d1ed21b0ef41bd56cb1279446da81cb38db9099?x-bce-process=image/format,f_auto",KCrush
朴智旻,assets/people/朴智旻.jpg,https://zh.wikipedia.org/wiki/Jimin,https://upload.wikimedia.org/wikipedia/commons/3/33/Jimin_on_the_way_to_SBS_Radio%2C_31_March_2023_%282%29.jpg,ZH Wikipedia
钱锟,assets/people/钱锟.jpg,https://baike.baidu.com/item/%E9%92%B1%E9%94%9F,"https://bkimg.cdn.bcebos.com/pic/91529822720e0cf3d7ca1103b710e51fbe096a637cb6?x-bce-process=image/resize,m_lfit,w_536,limit_1/quality,Q_70",KCrush
钱正昊,assets/people/钱正昊.jpg,https://baike.baidu.com/item/%E9%92%B1%E6%AD%A3%E6%98%8A,"https://bkimg.cdn.bcebos.com/pic/6159252dd42a2834825c933356b5c9ea15cebf14?x-bce-process=image/format,f_auto",KCrush
秦霄贤,assets/people/秦霄贤.jpg,https://baike.baidu.com/item/%E7%A7%A6%E9%9C%84%E8%B4%A4,"https://bkimg.cdn.bcebos.com/pic/4610b912c8fcc3cec3fd8e20ad1dc188d43f87948ad2?x-bce-process=image/format,f_auto",KCrush
任豪,assets/people/任豪.jpg,https://baike.baidu.com/item/%E4%BB%BB%E8%B1%AA,"https://bkimg.cdn.bcebos.com/pic/6a63f6246b600c3387445c546314460fd9f9d62a0bac?x-bce-process=image/resize,m_lfit,w_536,limit_1/quality,Q_70",KCrush
任嘉伦,assets/people/任嘉伦.jpg,https://zh.wikipedia.org/wiki/%E4%BB%BB%E5%98%89%E5%80%AB,https://upload.wikimedia.org/wikipedia/commons/b/b8/%E4%BB%BB%E5%98%89%E5%80%AB_%E6%94%9D%E6%96%BC210711_%E6%AD%90%E7%B1%B3%E8%8C%84%E6%B4%BB%E5%8B%95_in_Nanjing.jpg,ZH Wikipedia
尚九熙,assets/people/尚九熙.jpg,https://baike.baidu.com/item/%E5%B0%9A%E4%B9%9D%E7%86%99,"https://bkimg.cdn.bcebos.com/pic/9213b07eca8065380cd7c6496f84b644ad345982246d?x-bce-process=image/format,f_auto",KCrush
盛一伦,assets/people/盛一伦.jpg,https://zh.wikipedia.org/wiki/%E7%9B%9B%E4%B8%80%E4%BC%A6,https://upload.wikimedia.org/wikipedia/commons/f/f7/2016.3.28%E3%80%8A%E9%9D%9E%E5%87%A1%E6%90%AD%E6%A1%A3%E3%80%8B%E5%B9%BF%E5%B7%9E%E7%AB%99%E5%BD%95%E5%88%B6_%EF%BC%885%EF%BC%89.jpg,ZH Wikipedia
石凯,assets/people/石凯.jpg,https://baike.baidu.com/item/%E7%9F%B3%E5%87%AF/23807943,"https://bkimg.cdn.bcebos.com/pic/e850352ac65c10385343f29b8d488413b07eca80236b?x-bce-process=image/format,f_auto",KCrush
师铭泽,assets/people/师铭泽.jpg,https://baike.baidu.com/item/%E5%B8%88%E9%93%AD%E6%B3%BD,"https://bkimg.cdn.bcebos.com/pic/728da9773912b31bb051a922194e217adab44aed4b3b?x-bce-process=image/format,f_auto",KCrush
施展,assets/people/施展.jpg,https://baike.baidu.com/item/%E6%96%BD%E5%B1%95/23280294,"https://bkimg.cdn.bcebos.com/pic/9213b07eca8065380cd73cc0358bb644ad3458822493?x-bce-process=image/format,f_auto",KCrush
宋继扬,assets/people/宋继扬.jpg,https://baike.baidu.com/item/%E5%AE%8B%E7%BB%A7%E6%89%AC,"https://bkimg.cdn.bcebos.com/pic/34fae6cd7b899e51c2b8060f4da7d933c8950df2?x-bce-process=image/resize,m_lfit,w_536,limit_1/quality,Q_70",KCrush
宋威龙,assets/people/宋威龙.jpg,https://zh.wikipedia.org/wiki/%E5%AE%8B%E5%A8%81%E9%BE%99,https://upload.wikimedia.org/wikipedia/commons/9/92/Song_Weilong_in_2016.jpg,ZH Wikipedia
宋文嘉,assets/people/宋文嘉.jpg,https://baike.baidu.com/item/%E5%AE%8B%E6%96%87%E5%98%89/5019313,"https://bkimg.cdn.bcebos.com/pic/f9198618367adab49f8d03de87d4b31c8601e4ca?x-bce-process=image/resize,m_lfit,w_536,limit_1/quality,Q_70",KCrush
宋亚轩,assets/people/宋亚轩.jpg,https://baike.baidu.com/item/%E5%AE%8B%E4%BA%9A%E8%BD%A9,"https://bkimg.cdn.bcebos.com/pic/a6efce1b9d16fdfaaf5134881bd99b5494eef01fcd04?x-bce-process=image/resize,m_lfit,w_536,limit_1/quality,Q_70",KCrush
孙滢皓,assets/people/孙滢皓.jpg,https://baike.baidu.com/item/%E5%AD%99%E6%BB%A2%E7%9A%93/55900142,"https://bkimg.cdn.bcebos.com/pic/d01373f082025aafa40feba0ccb4bc64034f78f0ac1d?x-bce-process=image/format,f_auto",KCrush
孙泽源,assets/people/孙泽源.jpg,https://zh.wikipedia.org/wiki/%E5%AD%AB%E6%BE%A4%E6%BA%90,https://upload.wikimedia.org/wikipedia/commons/2/24/%E5%AD%AB%E6%BE%A4%E6%BA%90Sun_Ze-yuan.jpg,ZH Wikipedia
唐九洲,assets/people/唐九洲.jpg,https://baike.baidu.com/item/%E5%94%90%E4%B9%9D%E6%B4%B2,"https://bkimg.cdn.bcebos.com/pic/11385343fbf2b211931324b27dd572380cd79023208b?x-bce-process=image/resize,m_lfit,w_536,limit_1/quality,Q_70",KCrush
田柾国,assets/people/田柾国.jpg,https://zh.wikipedia.org/wiki/%E6%9F%BE%E5%9B%BD,https://upload.wikimedia.org/wikipedia/commons/9/94/Jeon_Jung-kook_during_the_%22Boy_In_Luv%22_performance_at_SBS_Gayo_Daejeon%2C_25_December_2018_02.jpg,ZH Wikipedia
王安宇,assets/people/王安宇.jpg,https://baike.baidu.com/item/%E7%8E%8B%E5%AE%89%E5%AE%87,"https://bkimg.cdn.bcebos.com/pic/023b5bb5c9ea15ce36d3b6a86a562df33a87e9501441?x-bce-process=image/resize,m_lfit,w_536,limit_1/quality,Q_70",KCrush
王晨艺,assets/people/王晨艺.jpg,https://baike.baidu.com/view/6917612.htm,"https://bkimg.cdn.bcebos.com/pic/63d9f2d3572c11df2a041de36d2762d0f603c21d?x-bce-process=image/format,f_auto",KCrush
王大陆,assets/people/王大陆.jpg,https://zh.wikipedia.org/wiki/%E7%8E%8B%E5%A4%A7%E9%99%B8,https://upload.wikimedia.org/wikipedia/commons/9/9a/TaLu.jpg,ZH Wikipedia
汪东城,assets/people/汪东城.jpg,https://zh.wikipedia.org/wiki/%E6%B1%AA%E6%9D%B1%E5%9F%8E,https://upload.wikimedia.org/wikipedia/commons/f/f4/JIROWANG.jpg,ZH Wikipedia
王皓轩,assets/people/王皓轩.jpg,https://baike.baidu.com/subview/6535947/23042279.htm,"https://bkimg.cdn.bcebos.com/pic/9f2f070828381f30e92456efba555b086e061d955a62?x-bce-process=image/format,f_auto",KCrush
王鹤棣,assets/people/王鹤棣.jpg,https://zh.wikipedia.org/wiki/%E7%8E%8B%E9%B6%B4%E6%A3%A3,https://upload.wikimedia.org/wikipedia/commons/7/76/Dylan_Wang.jpg,ZH Wikipedia
王嘉尔,assets/people/王嘉尔.jpg,https://zh.wikipedia.org/wiki/%E7%8E%8B%E5%98%89%E7%88%BE,https://upload.wikimedia.org/wikipedia/commons/4/45/Jackson_Wang_at_a_mini_fanmeeting_outside_%22Show%21_Music_Core%22_studios%2C_1_June_2019_02.jpg,ZH Wikipedia
王俊凯,assets/people/王俊凯.jpg,https://zh.wikipedia.org/wiki/%E7%8E%8B%E4%BF%8A%E5%87%AF,https://upload.wikimedia.org/wikipedia/commons/2/25/%E3%80%90%E6%91%84%E4%BA%8E2017.12.19%E3%80%8A%E8%A7%A3%E5%BF%A7%E6%9D%82%E8%B4%A7%E5%BA%97%E3%80%8B%E5%B9%BF%E5%B7%9E%E8%B7%AF%E6%BC%94%E3%80%91_%E7%8E%8B%E4%BF%8A%E5%87%AF_%283%29.jpg,ZH Wikipedia
王凯,assets/people/王凯.jpg,https://en.wikipedia.org/wiki/Wang_Kai_(actor),https://upload.wikimedia.org/wikipedia/commons/0/04/2017%E5%B9%B48%E6%9C%8824%E6%97%A5_%E4%B8%8A%E6%B5%B7.jpg,EN Wikipedia
王琳凯,assets/people/王琳凯.jpg,https://zh.wikipedia.org/wiki/%E5%B0%8F%E9%AC%BC_(%E6%AD%8C%E6%89%8B),https://upload.wikimedia.org/wikipedia/commons/a/a5/Photo_of_Lil_Ghost_on_Fendi_activity%2C_2019-12-13.jpeg,ZH Wikipedia
汪穆清,assets/people/汪穆清.jpg,https://baike.baidu.com/item/%E6%B1%AA%E7%A9%86%E6%B8%85,"https://bkimg.cdn.bcebos.com/pic/55e736d12f2eb9389b5060f4ee3a9235e5dde711c127?x-bce-process=image/format,f_auto",KCrush
王南钧,assets/people/王南钧.jpg,https://zh.wikipedia.org/wiki/%E7%8E%8B%E5%8D%97%E9%92%A7,https://upload.wikimedia.org/wikipedia/commons/5/50/Krystian_Wang_during_The_Voice_Kids_Russia_in_2018_01.jpg,ZH Wikipedia
王星越,assets/people/王星越.png,https://zh.wikipedia.org/wiki/%E7%8E%8B%E6%98%9F%E8%B6%8A,https://upload.wikimedia.org/wikipedia/commons/d/d9/Wang_Xingyue_Dec_2023.png,ZH Wikipedia
王彦霖,assets/people/王彦霖.jpg,https://baike.baidu.com/item/%E7%8E%8B%E5%BD%A6%E9%9C%96,"https://bkimg.cdn.bcebos.com/pic/8326cffc1e178a82b9018777ea48648da9773812429a?x-bce-process=image/resize,m_lfit,w_536,limit_1/quality,Q_70",KCrush
王一博,assets/people/王一博.jpg,https://zh.wikipedia.org/wiki/%E7%8E%8B%E4%B8%80%E5%8D%9A,https://upload.wikimedia.org/wikipedia/commons/7/75/20200111%E7%8E%8B%E4%B8%80%E5%8D%9A.jpg,ZH Wikipedia
王以纶,assets/people/王以纶.jpg,https://baike.baidu.com/item/%E7%8E%8B%E4%BB%A5%E7%BA%B6,"https://bkimg.cdn.bcebos.com/pic/63d0f703918fa0ec08faea8c7dcf4eee3d6d54fb6da3?x-bce-process=image/format,f_auto",KCrush
王源,assets/people/王源.jpg,https://zh.wikipedia.org/wiki/%E7%8E%8B%E6%BA%90,https://upload.wikimedia.org/wikipedia/commons/6/6a/ROYWANG20201230.jpg,ZH Wikipedia
汪卓成,assets/people/汪卓成.jpg,https://baike.baidu.com/view/5132223.htm,"https://bkimg.cdn.bcebos.com/pic/b3fb43166d224f4a20a443b412af87529822720e7b46?x-bce-process=image/format,f_auto",KCrush
王子奇,assets/people/王子奇.jpg,https://baike.baidu.com/subview/1487244/13219663.htm,"https://bkimg.cdn.bcebos.com/pic/8718367adab44aed8ccdea9fbf1c8701a08bfbce?x-bce-process=image/format,f_auto",KCrush
王子异,assets/people/王子异.jpg,https://baike.baidu.com/item/%E7%8E%8B%E5%AD%90%E5%BC%82,"https://bkimg.cdn.bcebos.com/pic/b2de9c82d158ccbf6c81c3a55480ab3eb13532faebae?x-bce-process=image/resize,m_lfit,w_536,limit_1/quality,Q_70",KCrush
魏大勋,assets/people/魏大勋.jpg,https://zh.wikipedia.org/wiki/%E9%AD%8F%E5%A4%A7%E5%8B%8B,https://upload.wikimedia.org/wikipedia/commons/3/38/2023.11.25_%E9%AD%8F%E5%A4%A7%E5%8B%9B%E6%96%BC%E6%84%9B%E5%A5%87%E8%97%9D%E5%B0%96%E5%8F%AB%E4%B9%8B%E5%A4%9C.jpg,ZH Wikipedia
魏哲鸣,assets/people/魏哲鸣.jpg,https://baike.baidu.com/item/%E9%AD%8F%E5%93%B2%E9%B8%A3,"https://bkimg.cdn.bcebos.com/pic/9213b07eca8065380cd7a6de8f85b644ad34588224fc?x-bce-process=image/resize,m_lfit,w_536,limit_1/quality,Q_70",KCrush
魏子越,assets/people/魏子越.jpg,https://baike.baidu.com/item/%E9%AD%8F%E5%AD%90%E8%B6%8A/23277578,"https://bkimg.cdn.bcebos.com/pic/267f9e2f0708283898726a31b799a9014c08f19c?x-bce-process=image/format,f_auto",KCrush
吴磊,assets/people/吴磊.jpg,https://zh.wikipedia.org/wiki/%E5%90%B4%E7%A3%8A,https://upload.wikimedia.org/wikipedia/commons/2/20/Wu_Lei_from_%22Dwelling_by_the_West_Lake%22_at_Red_Carpet_of_the_Tokyo_International_Film_Festival_2023_%2853348376819%29.jpg,ZH Wikipedia
吾木提,assets/people/吾木提.jpg,https://baike.baidu.com/item/%E5%90%BE%E6%9C%A8%E6%8F%90%C2%B7%E5%90%90%E5%B0%94%E9%80%8A,"https://bkimg.cdn.bcebos.com/pic/c83d70cf3bc79f3df8dcd64e1bf7da11728b4710830d?x-bce-process=image/format,f_auto",KCrush
吴世勋,assets/people/吴世勋.jpg,https://zh.wikipedia.org/wiki/%E5%90%B3%E4%B8%96%E5%8B%B3,https://upload.wikimedia.org/wikipedia/commons/2/2f/Oh_Se-hoon_%282023%29.jpg,ZH Wikipedia
吴亦凡,assets/people/吴亦凡.jpg,https://zh.wikipedia.org/wiki/%E5%90%B3%E4%BA%A6%E5%87%A1,https://upload.wikimedia.org/wikipedia/commons/2/26/%E5%92%AA%E5%92%95%E9%9F%B3%E4%B9%90%E7%9B%9B%E5%85%B8_%2824%29.jpg,ZH Wikipedia
吴宇恒,assets/people/吴宇恒.jpg,https://baike.baidu.com/subview/2098182/24914238.htm,"https://bkimg.cdn.bcebos.com/pic/a8014c086e061d950a7b7156efad1dd162d9f2d35c11?x-bce-process=image/format,f_auto",KCrush
吴尊,assets/people/吴尊.jpg,https://zh.wikipedia.org/wiki/%E5%90%B3%E5%B0%8A,https://upload.wikimedia.org/wikipedia/commons/4/4b/Wu_Chun_%28Goh_Kiat_Chun%29%2C_29_August_2008.jpg,ZH Wikipedia
夏瀚宇,assets/people/夏瀚宇.jpg,https://baike.baidu.com/item/%E5%A4%8F%E7%80%9A%E5%AE%87,"https://bkimg.cdn.bcebos.com/pic/f636afc379310a55b319d5d1141354a98226cffcbac2?x-bce-process=image/resize,m_lfit,w_536,limit_1/quality,Q_70",KCrush
夏之光,assets/people/夏之光.jpg,https://zh.wikipedia.org/wiki/%E5%A4%8F%E4%B9%8B%E5%85%89,https://upload.wikimedia.org/wikipedia/commons/8/83/Xia_Zhiguang_-_Big_Show.jpg,ZH Wikipedia
肖德俊,assets/people/肖德俊.jpg,https://baike.baidu.com/item/%E8%82%96%E4%BF%8A/23558681,"https://bkimg.cdn.bcebos.com/pic/ae51f3deb48f8c5494ee4def877f3af5e0fe9825d1ee?x-bce-process=image/format,f_auto",KCrush
肖战,assets/people/肖战.jpg,https://zh.wikipedia.org/wiki/%E8%82%96%E6%88%B0,https://upload.wikimedia.org/wikipedia/commons/1/15/Xiao_Zhan_at_the_Weibo_Night_Ceremony_January_11_2020.jpg,ZH Wikipedia
谢兴阳,assets/people/谢兴阳.jpg,https://baike.baidu.com/item/%E8%B0%A2%E5%85%B4%E9%98%B3,"https://bkimg.cdn.bcebos.com/pic/342ac65c10385343d05d9a379c13b07eca808811?x-bce-process=image/format,f_auto",KCrush
邢昭林,assets/people/邢昭林.jpg,https://baike.baidu.com/item/%E9%82%A2%E6%98%AD%E6%9E%97,"https://bkimg.cdn.bcebos.com/pic/342ac65c103853432c83335e9913b07eca808805?x-bce-process=image/resize,m_lfit,w_536,limit_1/quality,Q_70",KCrush
熊梓淇,assets/people/熊梓淇.jpg,https://zh.wikipedia.org/wiki/%E7%86%8A%E6%A2%93%E6%B7%87,https://upload.wikimedia.org/wikipedia/commons/3/39/Xiong_Ziqi_from_%22Snow_Leopard%22_at_Red_Carpet_of_the_Tokyo_International_Film_Festival_2023_%2853348339784%29.jpg,ZH Wikipedia
徐炳超,assets/people/徐炳超.jpg,https://baike.baidu.com/item/%E5%BE%90%E7%82%B3%E8%B6%85,"https://bkimg.cdn.bcebos.com/pic/a50f4bfbfbedab643999d44ef936afc378311e50?x-bce-process=image/format,f_auto",KCrush
许凯,assets/people/许凯.png,https://zh.wikipedia.org/wiki/%E8%A8%B1%E5%87%B1,https://upload.wikimedia.org/wikipedia/commons/d/d4/Xu_Kai_%E3%80%8A%E5%BB%B6%E7%A6%A7%E3%80%8B%E6%BC%94%E5%93%A1%E9%81%8E%E4%B8%AD%E7%A7%8B_2018-09-25.png,ZH Wikipedia
许魏洲,assets/people/许魏洲.jpg,https://baike.baidu.com/item/%E8%AE%B8%E9%AD%8F%E6%B4%B2,"https://bkimg.cdn.bcebos.com/pic/91529822720e0cf3d7ca1114b71ee51fbe096a637c91?x-bce-process=image/resize,m_lfit,w_536,limit_1/quality,Q_70",KCrush
徐子未,assets/people/徐子未.jpg,https://baike.baidu.com/item/%E5%BE%90%E5%AD%90%E6%9C%AA/55900138,"https://bkimg.cdn.bcebos.com/pic/09fa513d269759ee3d6d9abbf9a054166d224f4a7135?x-bce-process=image/format,f_auto",KCrush
严浩翔,assets/people/严浩翔.jpg,https://baike.baidu.com/item/%E4%B8%A5%E6%B5%A9%E7%BF%94,"https://bkimg.cdn.bcebos.com/pic/b17eca8065380cd7912397e7f112ba345982b2b72b39?x-bce-process=image/resize,m_lfit,w_536,limit_1/quality,Q_70",KCrush
焉栩嘉,assets/people/焉栩嘉.jpg,https://baike.baidu.com/item/%E7%84%89%E6%A0%A9%E5%98%89,"https://bkimg.cdn.bcebos.com/pic/d000baa1cd11728b47102aa0d2a4d4cec3fdfd0386a3?x-bce-process=image/resize,m_lfit,w_536,limit_1/quality,Q_70",KCrush
炎亚纶,assets/people/炎亚纶.jpg,https://zh.wikipedia.org/wiki/%E7%82%8E%E4%BA%9E%E7%B6%B8,https://upload.wikimedia.org/wikipedia/commons/f/f8/20210124_%E7%82%8E%E4%BA%9E%E7%B6%B8_%E6%91%A9%E7%99%BB%E5%8E%9F%E5%A7%8B%E4%BA%BA%E9%AB%98%E9%9B%84%E7%B0%BD%E5%94%B1%E6%9C%83.jpg,ZH Wikipedia
杨玏,assets/people/杨玏.jpg,https://baike.baidu.com/item/%E6%9D%A8%E7%8E%8F,"https://bkimg.cdn.bcebos.com/pic/72f082025aafa40f4bfb5cc29a31144f78f0f736b32d?x-bce-process=image/resize,m_lfit,w_536,limit_1/quality,Q_70",KCrush
杨仕泽,assets/people/杨仕泽.jpg,https://baike.baidu.com/item/%E6%9D%A8%E4%BB%95%E6%B3%BD,"https://bkimg.cdn.bcebos.com/pic/38dbb6fd5266d016092421d9ad64c30735fae7cd9fb9?x-bce-process=image/format,f_auto",KCrush
杨洋,assets/people/杨洋.jpg,https://zh.wikipedia.org/wiki/%E6%9D%A8%E6%B4%8B,https://upload.wikimedia.org/wikipedia/commons/0/0e/Yang_profile_pic.jpg,ZH Wikipedia
姚琛,assets/people/姚琛.jpg,https://baike.baidu.com/item/%E5%A7%9A%E7%90%9B/23460512,"https://bkimg.cdn.bcebos.com/pic/960a304e251f95cad1c8a36a524f683e6709c83df4ed?x-bce-process=image/format,f_auto",KCrush
姚景元,assets/people/姚景元.jpg,https://baike.baidu.com/item/%E5%A7%9A%E6%99%AF%E5%85%83,"https://bkimg.cdn.bcebos.com/pic/8c1001e93901213fb80ef1c28eb021d12f2eb9383f2f?x-bce-process=image/format,f_auto",KCrush
姚明明,assets/people/姚明明.jpg,https://www.pinterest.com/pin/601371356478311573/,https://i.pinimg.com/736x/d2/0f/6f/d20f6f5753e75dd5c7490bd9ebcd537f.jpg,KCrush
易烊千玺,assets/people/易烊千玺.jpg,https://baike.baidu.com/item/%E6%98%93%E7%83%8A%E5%8D%83%E7%8E%BA,"https://bkimg.cdn.bcebos.com/pic/dc54564e9258d109b3dec5e3e203dbbf6c81800ae715?x-bce-process=image/resize,m_lfit,w_536,limit_1/quality,Q_70",KCrush
尹浩宇,assets/people/尹浩宇.jpg,https://zh.wikipedia.org/wiki/%E5%B0%B9%E6%B5%A9%E5%AE%87,https://upload.wikimedia.org/wikipedia/commons/b/b9/Patrick_Finkler_or_Yin_Haoyu_at_Patrick_20th_Birthday_Party.jpg,ZH Wikipedia
俞彬,assets/people/俞彬.jpg,https://baike.baidu.com/item/%E4%BF%9E%E5%BD%AC/23414072,"https://bkimg.cdn.bcebos.com/pic/f603918fa0ec08fa513d5377fbb82a6d55fbb3fb6c9e?x-bce-process=image/resize,m_lfit,w_536,limit_1/quality,Q_70",KCrush
俞灏明,assets/people/俞灏明.jpg,https://baike.baidu.com/item/%E4%BF%9E%E7%81%8F%E6%98%8E,"https://bkimg.cdn.bcebos.com/pic/d62a6059252dd42a2834ebce59634cb5c9ea15ce1207?x-bce-process=image/resize,m_lfit,w_536,limit_1/quality,Q_70",KCrush
余景天,assets/people/余景天.jpg,https://baike.baidu.com/item/%E4%BD%99%E6%99%AF%E5%A4%A9,"https://bkimg.cdn.bcebos.com/pic/8b13632762d0f703918ffaccb2b1463d269759ee6fc5?x-bce-process=image/format,f_auto",KCrush
于适,assets/people/于适.jpg,https://zh.wikipedia.org/wiki/%E4%BA%8E%E9%80%82,https://upload.wikimedia.org/wikipedia/commons/9/9c/Yosh_Yu_on_Cannes_Red_Carpet_2.jpg,ZH Wikipedia
张翰,assets/people/张翰.jpg,https://baike.baidu.com/item/%E5%BC%A0%E7%BF%B0,"https://bkimg.cdn.bcebos.com/pic/2fdda3cc7cd98d1001e9ffd5ba6daf0e7bec55e73a8e?x-bce-process=image/resize,m_lfit,w_536,limit_1/quality,Q_70",KCrush
张嘉元,assets/people/张嘉元.jpg,https://baike.baidu.com/item/%E5%BC%A0%E5%98%89%E5%85%83,"https://bkimg.cdn.bcebos.com/pic/30adcbef76094b36acaf596a46966bd98d1000e937bb?x-bce-process=image/resize,m_lfit,w_536,limit_1/quality,Q_70",KCrush
张炯敏,assets/people/张炯敏.jpg,https://baike.baidu.com/item/%E5%BC%A0%E7%82%AF%E6%95%8F/20386231,"https://bkimg.cdn.bcebos.com/pic/d0c8a786c9177f3e6709db01e1982cc79f3df8dcf83a?x-bce-process=image/resize,m_lfit,w_536,limit_1/quality,Q_70",KCrush
张康乐,assets/people/张康乐.jpg,https://baike.baidu.com/item/%E5%BC%A0%E5%BA%B7%E4%B9%90/57143810,"https://bkimg.cdn.bcebos.com/pic/11385343fbf2b21193131f4d56d972380cd791232024?x-bce-process=image/format,f_auto",KCrush
张凌赫,assets/people/张凌赫.jpg,https://baike.baidu.com/item/%E5%BC%A0%E5%87%8C%E8%B5%AB,"https://bkimg.cdn.bcebos.com/pic/cefc1e178a82b9014a9086eb09d5be773912b21b41e8?x-bce-process=image/resize,m_lfit,w_536,limit_1/quality,Q_70",KCrush
张铭恩,assets/people/张铭恩.jpg,https://zh.wikipedia.org/wiki/%E5%BC%A0%E9%93%AD%E6%81%A9,https://upload.wikimedia.org/wikipedia/commons/9/9c/180806_%E6%8E%A2%E7%8F%AD%E7%BE%A4%E8%AE%BF_%E9%A3%8E%E5%B0%98%E4%BB%86%E4%BB%86%E5%9C%B0%E6%9D%A5_%E9%99%AA%E4%BD%A0%E7%9C%8B%E4%BA%86%E7%9C%8B%E5%A4%8F%E6%97%A5%E9%87%8C%E7%9A%84%E4%B8%80%E5%9C%BA%E9%9B%A8_%E6%BB%A1%E8%B6%B3_%28%E5%BC%A0%E9%93%AD%E6%81%A9%29_%283%29.jpg,ZH Wikipedia
张若昀,assets/people/张若昀.jpg,https://baike.baidu.com/item/%E5%BC%A0%E8%8B%A5%E6%98%80,"https://bkimg.cdn.bcebos.com/pic/ae51f3deb48f8c5494ee818633713af5e0fe9925d158?x-bce-process=image/resize,m_lfit,w_536,limit_1/quality,Q_70",KCrush
张晚意,assets/people/张晚意.jpg,https://baike.baidu.com/item/%E5%BC%A0%E6%99%9A%E6%84%8F,"https://bkimg.cdn.bcebos.com/pic/7c1ed21b0ef41bd5ad6e79fd498296cb39dbb6fd9738?x-bce-process=image/resize,m_lfit,w_536,limit_1/quality,Q_70",KCrush
张新成,assets/people/张新成.jpg,https://baike.baidu.com/item/%E5%BC%A0%E6%96%B0%E6%88%90,"https://bkimg.cdn.bcebos.com/pic/3ac79f3df8dcd100baa14d8958c15010b912c8fc814b?x-bce-process=image/resize,m_lfit,w_536,limit_1/quality,Q_70",KCrush
张星特,assets/people/张星特.jpg,https://baike.baidu.com/item/%E5%BC%A0%E6%98%9F%E7%89%B9/55831169,"https://bkimg.cdn.bcebos.com/pic/21a4462309f790529822c4c762b8c0ca7bcb0b467fbc?x-bce-process=image/format,f_auto",KCrush
张颜齐,assets/people/张颜齐.jpg,https://baike.baidu.com/item/%E5%BC%A0%E9%A2%9C%E9%BD%90,"https://bkimg.cdn.bcebos.com/pic/eac4b74543a98226cffcb21fb0dbae014a90f603bdc8?x-bce-process=image/resize,m_lfit,w_536,limit_1/quality,Q_70",KCrush
张耀,assets/people/张耀.jpg,https://www.imdb.com/name/nm11084813/mediaviewer/rm3277111041/,https://m.media-amazon.com/images/M/MV5BMWIzNmU2NDEtZjA1MS00MTk1LWE1N2QtYjAyMTM1Mzk4MzE3XkEyXkFqcGc@._V1_FMjpg_UX1000_.jpg,IMDB
张逸杰,assets/people/张逸杰.jpg,https://baike.baidu.com/view/3746843.htm,"https://bkimg.cdn.bcebos.com/pic/e824b899a9014c0802f6b913047b02087af4f4b3?x-bce-process=image/format,f_auto",KCrush
张艺兴,assets/people/张艺兴.jpg,https://zh.wikipedia.org/wiki/%E5%BC%B5%E8%97%9D%E8%88%88,https://upload.wikimedia.org/wikipedia/commons/9/94/Zhang_Yixing_at_press_conference_of_The_Founding_of_an_Army.jpg,ZH Wikipedia
张云龙,assets/people/张云龙.jpg,https://baike.baidu.com/item/%E5%BC%A0%E4%BA%91%E9%BE%99,"https://bkimg.cdn.bcebos.com/pic/9e3df8dcd100baa1cd1117070147ae12c8fcc3ce804a?x-bce-process=image/resize,m_lfit,w_536,limit_1/quality,Q_70",KCrush
张哲瀚,assets/people/张哲瀚.jpg,https://zh.wikipedia.org/wiki/%E5%BC%B5%E5%93%B2%E7%80%9A,https://upload.wikimedia.org/wikipedia/commons/2/22/Zhang_Zhehan_Ranyi_Music.jpg,ZH Wikipedia
张真源,assets/people/张真源.jpg,https://baike.baidu.com/item/%E5%BC%A0%E7%9C%9F%E6%BA%90,"https://bkimg.cdn.bcebos.com/pic/95eef01f3a292df5e0feb7cdec694b6034a85fdfd5e9?x-bce-process=image/resize,m_lfit,w_536,limit_1/quality,Q_70",KCrush
赵磊,assets/people/赵磊.jpg,https://pin.it/62fKNXYY6,"https://bkimg.cdn.bcebos.com/pic/6159252dd42a2834349bf7061de2deea15ce36d3113c?x-bce-process=image/resize,m_lfit,w_536,limit_1/quality,Q_70",KCrush
赵让,assets/people/赵让.jpg,https://baike.baidu.com/item/%E8%B5%B5%E8%AE%A9,"https://bkimg.cdn.bcebos.com/pic/d1160924ab18972bd407060772826c899e510eb39ce5?x-bce-process=image/resize,m_lfit,w_536,limit_1/quality,Q_70",KCrush
赵弈钦,assets/people/赵弈钦.jpg,https://baike.baidu.com/item/%E8%B5%B5%E5%BC%88%E9%92%A6,"https://bkimg.cdn.bcebos.com/pic/3bf33a87e950352aaa42f7be5f43fbf2b2118b61?x-bce-process=image/format,f_auto",KCrush
郑号锡,assets/people/郑号锡.jpg,https://zh.wikipedia.org/wiki/%E9%84%AD%E8%99%9F%E9%8C%AB,https://upload.wikimedia.org/wikipedia/commons/8/8b/J-Hope_for_Dispatch_%22Boy_With_Luv%22_MV_behind_the_scene_shooting%2C_15_March_2019_05_%28cropped%29.jpg,ZH Wikipedia
郑锐彬,assets/people/郑锐彬.jpg,https://baike.baidu.com/item/%E9%83%91%E9%94%90%E5%BD%AC,"https://bkimg.cdn.bcebos.com/pic/d009b3de9c82d15856ac6e2e8c0a19d8bc3e4206?x-bce-process=image/resize,m_lfit,w_536,limit_1/quality,Q_70",KCrush
郑业成,assets/people/郑业成.jpg,https://baike.baidu.com/item/%E9%83%91%E4%B8%9A%E6%88%90,"https://bkimg.cdn.bcebos.com/pic/e850352ac65c1038d4e42afebb119313b07e8970?x-bce-process=image/resize,m_lfit,w_536,limit_1/quality,Q_70",KCrush
周峻纬,assets/people/周峻纬.jpg,https://baike.baidu.com/item/%E5%91%A8%E5%B3%BB%E7%BA%AC/22515710,"https://bkimg.cdn.bcebos.com/pic/d50735fae6cd7b899e51611a527355a7d933c995a0a9?x-bce-process=image/format,f_auto",KCrush
周柯宇,assets/people/周柯宇.jpg,https://www.pinterest.com/pin/303570831149641866/,https://i.pinimg.com/736x/4f/58/b4/4f58b4a7981ea6ca4812b1b1d2f16a45.jpg,KCrush
周锐,assets/people/周锐.jpg,https://baike.baidu.com/item/%E5%91%A8%E9%94%90/18637213,"https://bkimg.cdn.bcebos.com/pic/3b87e950352ac65c10381d9102a8a5119313b17e1c84?x-bce-process=image/format,f_auto",KCrush
周彦辰,assets/people/周彦辰.jpg,https://baike.baidu.com/item/%E5%91%A8%E5%BD%A6%E8%BE%B0/18637171,"https://bkimg.cdn.bcebos.com/pic/8326cffc1e178a82b90128217150648da977381242ac?x-bce-process=image/format,f_auto",KCrush
周翊然,assets/people/周翊然.jpg,https://baike.baidu.com/item/%E5%91%A8%E7%BF%8A%E7%84%B6,"https://bkimg.cdn.bcebos.com/pic/3801213fb80e7bec54e734524b76ae389b504fc23d72?x-bce-process=image/format,f_auto",KCrush
周震南,assets/people/周震南.jpg,https://baike.baidu.com/item/%E5%91%A8%E9%9C%87%E5%8D%97,"https://bkimg.cdn.bcebos.com/pic/f9198618367adab44a00d15d84d4b31c8601e4d8?x-bce-process=image/resize,m_lfit,w_536,limit_1/quality,Q_70",KCrush
周政杰,assets/people/周政杰.jpg,https://baike.baidu.com/item/%E5%91%A8%E6%94%BF%E6%9D%B0,"https://bkimg.cdn.bcebos.com/pic/bd3eb13533fa828ba61e6f422d505634970a304eec48?x-bce-process=image/format,f_auto",KCrush
朱一龙,assets/people/朱一龙.jpg,https://zh.wikipedia.org/wiki/%E6%9C%B1%E4%B8%80%E9%BE%99,https://upload.wikimedia.org/wikipedia/commons/9/95/%E5%BE%AE%E5%8D%9A%E7%94%B5%E5%BD%B1%E4%B9%8B%E5%A4%9C_%28%E6%9C%B1%E4%B8%80%E9%BE%99%29_%281%29.jpg,ZH Wikipedia
朱元冰,assets/people/朱元冰.jpg,https://baike.baidu.com/view/1198241.htm,"https://bkimg.cdn.bcebos.com/pic/ae51f3deb48f8c5494ee7475cc7f3af5e0fe9925d168?x-bce-process=image/format,f_auto",KCrush
朱正廷,assets/people/朱正廷.jpg,https://zh.wikipedia.org/wiki/%E6%9C%B1%E6%AD%A3%E5%BB%B7,https://upload.wikimedia.org/wikipedia/commons/2/28/Theo_Zhu%2C_YueHua_NEXT_Fan_Meeting_in_Chengdu%2C_2018_%28cropped%29.jpg,ZH Wikipedia
朱志鑫,assets/people/朱志鑫.jpg,https://baike.baidu.com/item/%E6%9C%B1%E5%BF%97%E9%91%AB/23114188,"https://bkimg.cdn.bcebos.com/pic/730e0cf3d7ca7bcb0a46546b3d507c63f6246b600267?x-bce-process=image/resize,m_lfit,w_536,limit_1/quality,Q_70",KCrush
梓渝,assets/people/梓渝.jpg,https://baike.baidu.com/item/%E6%A2%93%E6%B8%9D,"https://bkimg.cdn.bcebos.com/pic/730e0cf3d7ca7bcb0a46c04749537c63f6246b60021a?x-bce-process=image/format,f_auto",KCrush
左溢,assets/people/左溢.jpg,https://baike.baidu.com/view/1035516.htm,"https://bkimg.cdn.bcebos.com/pic/3bf33a87e950352ae60d27185b43fbf2b2118bb5?x-bce-process=image/format,f_auto",KCrush
